{
    "rmse": 0.6922007948615423,
    "mae": 0.5394307984350974,
    "r2": 0.28140386126211847
}