{
    "rmse": 0.8279653375377047,
    "mae": 0.6679040639125716,
    "r2": 0.0702754310131124
}